ITEM CODE,ITEM DESCRIPTION,ITEM CLASSIFICATION,,UOM
423719,"0.45% SALINE, 1L",Reagents and Diagnostic kit,,Btl
 V1205,"0.45% SALINE, 500ML",Supplies,,Btl
 HS9903,1-SLIDE MAILER CARD 25'S,Supplies,,Pc
 HS15983A,2-PLACE SLIDE MAILER (ASSTD. COLORS) 25'S,Supplies,,Pc
 HS9904,2-SLIDE MAILER CARD 36'S,Supplies,,Pc
 OTH-0001,"3M MICROPORE 1""",Supplies,,Pc
 OTH-0042,A-RATE DRUG TEST 40T,Reagents and Diagnostic kit,,Kit
 MH-0357P,"A. BAUMANNI 19606, KWIK-STIK",Reagents and Diagnostic kit,,Set
 OTH-0002,ABBOT COVID-19 RAPID TEST 25T,Reagents and Diagnostic kit,,Kit
 OTH-0037,ABBOTT BIOLINE SYPHILIS 30'S,Reagents and Diagnostic kit,,Box
 OTH-0019,ABBOTT HBSAG 30T,Reagents and Diagnostic kit,,Kit
 MCTC-0019,AMMONIUM OXALATE 500ML,Supplies,,Btl
 MCTC-0001,ANTI D 10ML EPICLONE,Reagents and Diagnostic kit,,Vial
413401,AST-GN70 TEST KIT 20 CARDS,Reagents and Diagnostic kit,,Kit
413404,"AST-GN73 TEST KIT, 20 CARDS",Reagents and Diagnostic kit,,Kit
22226,"AST-GP67 TEST KIT, 20 CARDS",Reagents and Diagnostic kit,,Kit
410770,AST-GP72 TEST KIT 20CARDS,Reagents and Diagnostic kit,,Kit
413753,"AST-N261, 20 CARDS",Reagents and Diagnostic kit,,Kit
424692,AST-N449 TEST KIT CARDS,Reagents and Diagnostic kit,,Kit
421040,"AST-ST03 TEST KIT, 20 CARDS",Reagents and Diagnostic kit,,Kit
420739,AST-YS08 TEST KIT 20 CARDS,Reagents and Diagnostic kit,,Kit
 OTH-0030,AVR,Tools,,Pc
 ECG-101,BIOCARE DIGITAL ECG 1 CHANNEL,Equipment,,Unit
 BioPad,BIOCARE ECG PAD 210MMx140MM-140P,Supplies,,Pack
 BioPaper,BIOCARE ECG PAPER 80X20MM,Supplies,,Roll
 OTH-0003,BIOLINE HBSAG 100T (10X10T),Reagents and Diagnostic kit,,Kit
 5v238,BIOMEDICAL REFRIGERATOR,Equipment,,Unit
 BIO-00156,BIOSAFETY SAFETY CABINET CLASS ALL,Equipment,,Unit
 BBR-4V136,BLOOD BANK REFRIGERATOR,Equipment,,Unit
 MCTC-0002,BLOOD TYPING SERA A 10ML EPICLONE,Reagents and Diagnostic kit,,Vial
 MCTC-0003,BLOOD TYPING SERA A&B 10ML EPICLONE,Reagents and Diagnostic kit,,Set
 MCTC-0004,BLOOD TYPING SERA B 10ML EPICLONE,Reagents and Diagnostic kit,,Vial
 ME-BT,BLUE TIPS 500'S,Accessories,,Pack
 OTH-0004,BLUE TOP,Supplies,,Pack
 MH-0735P,"C. ALBICANS 10231, KWIK-STIK",Reagents and Diagnostic kit,,Set
 MH-0726P,"C. PARAPSILOSIS ATCC 22019, KWIK-STIK",Reagents and Diagnostic kit,,Set
 LS-0001,COLORZYME ANA-RO TEST SYSTEM 10X7 WELLS,Reagents and Diagnostic kit,,Kit
 CY008-C28,CY 3ML CUPS-SAMPLES (1000 PCS),Accessories,,Pack
 HBE03,CY A-AMYLASE 20X2ML,Reagents and Diagnostic kit,,Kit
 CY008-WS-IV,CY Acid solution,Reagents and Diagnostic kit,,Box
 HB0010,CY ALBUMIN 2X125ML,Reagents and Diagnostic kit,,Kit
 HBE12,CY ALKALINE PHOSPHATASE LIQUID-IFCC 60+15ML,Reagents and Diagnostic kit,,Kit
 HC00100,CY APTT-TCA 5X4ML,Reagents and Diagnostic kit,,Kit
 CY-B001,CY BALL DISPENSER,Accessories,,Pack
 HB0260,CY BILIRUBIN DIRECT 2X125ML,Reagents and Diagnostic kit,,Kit
 HB0270,CY BILIRUBIN TOTAL 2X125ML,Reagents and Diagnostic kit,,Kit
 HB0020,CY BILIRUBIN TOTAL AND DIRECT 2X125ML,Reagents and Diagnostic kit,,Kit
 HB0030,CY CALCIUM ARSENAZO III 2X125ML,Reagents and Diagnostic kit,,Kit
 HBC03,CY CALIBRATOR HUMAN SOURCE 4X3ML,Reagents and Diagnostic kit,,Kit
 HB005,CY CHLORIDE 2 X 125ML,Reagents and Diagnostic kit,,Kit
 HBL010,CY CHOLESTEROL LIQUID 2X125ML,Reagents and Diagnostic kit,,Kit
 CY008-WS-III,CY Cleaning solution,Reagents and Diagnostic kit,,Box
 HC00500,CY COAGULATION CONTROL (N+P) 4X(1+1)ML,Reagents and Diagnostic kit,,Kit
 HB0080,CY CREATININE 2X125ML,Reagents and Diagnostic kit,,Kit
 CY003-C01,CY CUVETTES AND BALLS 500'S,Accessories,,Kit
 CY004/9-S02,CY Filter 340nm,Spare parts,,Pc
 347-020,CY FOB FAECAL OCCULT BLOOD 20T,Reagents and Diagnostic kit,,Box
 HBL04,CY GLUCOSE LIQUID 2X125ML,Reagents and Diagnostic kit,,Kit
 HBEL010,CY GOT AST LIQUID 240+60ML,Reagents and Diagnostic kit,,Kit
 HBEL020,CY GPT ALT LIQUID 240+60ML,Reagents and Diagnostic kit,,Kit
 HBL011,CY HDL CHOLESTEROL 120+40ML,Reagents and Diagnostic kit,,Kit
 HBC11,CY HDL/LDL CALIBRATOR 1ML,Reagents and Diagnostic kit,,Kit
 HBC10,CY HDL/LDL CONTROL 3 X 3ML,Reagents and Diagnostic kit,,Kit
 HB011,CY HEMOGLOBIN 4X5ML,Reagents and Diagnostic kit,,Kit
 HBS02,CY HEMOGLOBIN CALIBRATOR 1ML,Reagents and Diagnostic kit,,Kit
 HBEL041,CY LACTATE DEHYDROGENASE LIQUID 60 + 15ML,Reagents and Diagnostic kit,,Kit
 HBE09,CY LIPASE 4 X 10ML,Reagents and Diagnostic kit,,Kit
 HB0320,CY MAGNESIUM XYLIDYL BLUE 2X125ML,Reagents and Diagnostic kit,,Kit
 HBC01,CY NORMAL HUMAN SERA 4X5ML,Reagents and Diagnostic kit,,Kit
 HBC02,CY PATHOLOGICAL HUMAN SERA 4X5ML,Reagents and Diagnostic kit,,Kit
 HB014,CY PHOSPHORUS 2X125ML,Reagents and Diagnostic kit,,Kit
 HB015,CY POTASSIUM PREC 3X50ML,Reagents and Diagnostic kit,,Kit
 HC00200,CY PT-TP 4X5ML,Reagents and Diagnostic kit,,Kit
 CC-BC,CY QR code reader,Reagents and Diagnostic kit,,Box
 CC-BS,CY QR code reader stand,Reagents and Diagnostic kit,,Box
 HB016,CY SODIUM PREC  2 X 60ML,Reagents and Diagnostic kit,,Kit
 HBO190,CY TOTAL PROTEIN 2X125ML,Reagents and Diagnostic kit,,Kit
 HBL060,CY TRIGLYCERIDES LIQUID 2X125ML,Reagents and Diagnostic kit,,Kit
 HBL030,CY UREA 300ML (240+60ML),Reagents and Diagnostic kit,,Kit
 HBL020,CY URIC ACID LIQUID 2X125ML,Reagents and Diagnostic kit,,Kit
 CY001-WS,CY WASHING SOLUTION 100ML,Reagents and Diagnostic kit,,Box
 CY008-C22,CYANEXPERT 130 1M CUPS-CALIBRATOR&CONTROL (1000PCS),Reagents and Diagnostic kit,,Pack
 CY008-C200,CYANExpert 1ML  - Calibrator Cups 200s,Accessories,,Kit
 PS00001,"CYANPipette 0,1 - 2,5 ml",Accessories,,Pc
 PS00005,"CYANPipette 0,5 - 10 ml",Accessories,,Pc
 PS10000,CYANPipette 1 - 5 ml,Accessories,,Pc
 PS00100,CYANPipette 10 - 100 ml,Accessories,,Pc
 PS0010,CYANPipette 10 ml,Accessories,,Pc
 PS01000,CYANPipette 100 - 1000 ml,Accessories,,Pc
 PS0100,CYANPipette 100 ml,Accessories,,Pc
 PS1000,CYANPipette 1000 ml,Accessories,,Pc
 PS00200,CYANPipette 20 - 200 ml,Accessories,,Pc
 PS0020,CYANPipette 20 ml,Accessories,,Pc
 PS0200,CYANPipette 200 ml,Accessories,,Pc
 PS00050,CYANPipette 5 - 50 ml,Accessories,,Pc
 PS0005,CYANPipette 5 ml,Accessories,,Pc
 PS00500,CYANPipette 50 - 200 ml,Accessories,,Pc
 PM00500,CYANPipette 50 - 300 ml,Accessories,,Pc
 PS0050,CYANPipette 50 ml,Accessories,,Pc
 PS0500,CYANPipette 500 ml,Accessories,,Pc
 PS5000,CYANPipette 5000 ml,Accessories,,Pc
 PSX,CYANPipette Stand,Accessories,,Pc
 CM001N,CYANScope (LED),Accessories,,Box
 CY009-MIBTR,CYANSmart Maintenance kit,Reagents and Diagnostic kit,,Box
 PT0001,"CYANTips 0,5-10 ml (cristal tips)",Reagents and Diagnostic kit,,Pc
 PT0010,CYANTips 1-200 ml (yellow - jaune),Reagents and Diagnostic kit,,Pc
 PT1000,CYANTips 1-5 ml,Reagents and Diagnostic kit,,Pc
 PT0100,CYANTips 100-1000 ml (blue - bleu),Reagents and Diagnostic kit,,Pc
 CY014,CYANVision,Equipment,,Unit
 CY014-MIBTR,CYANVision Maintenance kit,Reagents and Diagnostic kit,,Box
 1.15355.0001,CYTOCOLOR 6X500ML,Reagents and Diagnostic kit,,Set
 DG-6541,DENGUE IGG/IGM/NSI 25TESTS (FAST-TEST),Supplies,,Box
21255,DENSICHEK PLUS STANDARD,Reagents and Diagnostic kit,,Kit
 LT-0017,DIGISYSTEM CLINICAL CENTRIFUGE 12PLACER,Accessories,,Unit
 LT-0009,DIGISYSTEM CLINICAL CENTRIFUGE 6PLACER W/ TIMER,Tools,,Unit
 LT-0006,DIGISYSTEM DIFFERENTIAL CELL COUNTER 9KEYS,Accessories,,Pc
 LT-0008,DIGISYSTEM HEMATOCRIT CENTRIFUGE 24PLACER,Accessories,,Unit
 LT-0011,DIGISYSTEM MECHANICAL ROTATOR,Accessories,,Unit
 LT-0007,DIGISYSYTEM CLINICAL CENTRIFUGE 8PLACER W/ TIMER,Accessories,,Unit
 MH-0761P,"E. CASSELIFLAVUS ATCC 700327, KWIK-STIK",Reagents and Diagnostic kit,,Set
 MH-0335P,"E. COLI ATCC 25922, KWIK-STIK",Reagents and Diagnostic kit,,Set
 MH-0495P,"E. COLI ATCC 35218, KWIK-STIK",Reagents and Diagnostic kit,,Set
 MH-0366P,"E. FAECALIS ATCC 29212, KWIK-STIK",Reagents and Diagnostic kit,,Set
 OTH-0005,EDTA TUBE 1ML 100'S,Consumables,,Pack
 KN-0002,EDTA TUBE 2ML 100'S,Consumables,,Pack
 OTH-0006,EDTA TUBE 2ML 100'S,Consumables,,Pack
 OTH-0007,EDTA TUBE 3ML 100'S,Consumables,,Pack
3824999999,EN BLOOD GAS CONTROL SOLUTION,Reagents and Diagnostic kit,,Set
 EG10,EN BLOOD GAS TEST CARTRIDGES 25T,Reagents and Diagnostic kit,,Box
 L5,EN ELECTROLYTE TEST CARTRIDGES 25T,Reagents and Diagnostic kit,,Box
50334,ESR TUBE/PIPETTE 0-180MM 200'S,Supplies,,Box
 1.07555.2500,"EXTRAN MA01, ALKALINE, 2.5L",Reagents and Diagnostic kit,,Btl
 1.07553.2500,EXTRAN MA02 2.5L,Reagents and Diagnostic kit,,Btl
21341,"GRAM NEGATIVE IDENTIFICAITON SYSTEM, FRANCE (GN TEST)",Reagents and Diagnostic kit,,Pc
21342,"GRAM POSITIVE IDENTIFICAITON SYSTEM, FRANCE (GP TEST)",Reagents and Diagnostic kit,,Pc
 MCTC-0020,"GRAM STAIN, MEDIC",Reagents and Diagnostic kit,,Set
 1.11885.0001,GRAM-COLOR 5X500ML,Reagents and Diagnostic kit,,Set
 MH-0647P,"H. INFLUENZAE ATCC 49247, KWIK-STIK",Reagents and Diagnostic kit,,Set
 1.11661.0001,HEMACOLOR 3X500ML,Reagents and Diagnostic kit,,Set
 OTH-0045,HOSSONI AVR 1000 VA,Accessories,,Pc
6411,I-SMART 30 PRO 100T,Reagents and Diagnostic kit,,Box
 ME-0001,I-SMART 30 PRO ELECTROLYTE ANALYZER,Equipment,,Unit
6524,I-SMART 300 50T,Reagents and Diagnostic kit,,Box
 ME-0002,I-SMART ABG MACHINE,Equipment,,Unit
 IS3148,I-SMART BATTERY,Spare parts,,Pc
 ME-0004,I-SMART CONTROL,Reagents and Diagnostic kit,,Set
 ME-0003,I-SMART REV ANALYZER,Equipment,,Unit
 HS23052,I-WELL INTERLOCKING RACK FOR 50ML TUBES,Tools,,Pc
 IM-001,IM GYN + Filter + Slide Glass + Brush,Reagents and Diagnostic kit,,Pc
 IM-V01,"IM I-PREP2 Device 1-Prep Device (1 channel type, Touch Screen)",Reagents and Diagnostic kit,,Unit
 IM-003,IM NON GYN + Filter+Slide Glass+Brush,Reagents and Diagnostic kit,,Pc
 LT-0014,INCUBATOR 40L,Equipment,,Unit
 KN-0006,INDOPLAS FACE MASK EARLOOP 50s,Supplies,,Box
 KN-0007,INDOPLAS KN95 MASK,Supplies,,Box
 OTH-0008,INDOPLAS LATEX EXAMINATION GLOVES 100'S,Supplies,,Box
 OTH-0034,INTERFOLDED PAPER TOWEL,Supplies,,Pc
 LT-0013,JIBIMED VERTICAL STEAM STERILIZER 35L,Equipment,,Unit
 LT-0012,JIBIMED VERTICAL STEAM STERILIZER 50L,Equipment,,Unit
 MH-0784P,"K. PNEUMONIAE ATCC 700603, KWIK-STIK",Reagents and Diagnostic kit,,Set
 OTH-0028,"LATEX EXAMINATION GLOVES, SMALL",Supplies,,Box
 AW689800,LED BOARD FOR CX23LED,Spare parts,,Pc
 LENS,LENS CLEANING TISSUE 100'S,Supplies,,Pc
689013,LIFO  PCT (eCLIA) 100T PROCALCITONIN,Reagents and Diagnostic kit,,Kit
693021,LIFO 25-OH VITAMIN-D TOTAL 50T,Reagents and Diagnostic kit,,Kit
320501401,LIFO AFP (ALPHA-FETOPTOTEIN) Eclia 50T,Reagents and Diagnostic kit,,Kit
690036,LIFO ANTI-TG 100T (THYROGLOBULIN ANTIBODY),Reagents and Diagnostic kit,,Kit
690040,LIFO ANTI-TPO 100T (THYROID PEROXIDASE ANTIBODY),Reagents and Diagnostic kit,,Kit
679011,LIFO ASSAY CUP 300T,Reagents and Diagnostic kit,,Box
679004,LIFO AUFFER 480ML,Reagents and Diagnostic kit,,Btl
679006,LIFO BUFFER 480ML,Reagents and Diagnostic kit,,Btl
320500901,LIFO CA 125 (eCLIA) 50T,Reagents and Diagnostic kit,,Kit
320500701,LIFO CA 15-3 (eCLIA) 50T,Reagents and Diagnostic kit,,Kit
320500801,LIFO CA 19-9 (eCLIA) 50T,Reagents and Diagnostic kit,,Kit
320500501,LIFO CEA (eCLIA) 50T,Reagents and Diagnostic kit,,Kit
 03-I02F000-0001,LIFO CHROMATOGRAPHIC COLUMN (GH-900PLUS),Accessories,,Pc
691017,LIFO CKMB (eCLIA) 100T Creatine Kinase MB (eCLIA),Reagents and Diagnostic kit,,Kit
690143,LIFO CKMB STAT (eCLIA) 100T Creatine Kinase MB STAT (eCLIA),Reagents and Diagnostic kit,,Kit
679008,LIFO CONCENTRATED WASHING BUFFER 1L,Reagents and Diagnostic kit,,Btl
691011,LIFO cTnI 100T Troponin I (eCLIA),Reagents and Diagnostic kit,,Kit
320500303,LIFO D-DIMER STAT (eCLIA) 100T,Reagents and Diagnostic kit,,Kit
697031,LIFO E2 (ESTRADIOL) 50T,Reagents and Diagnostic kit,,Kit
679001,LIFO eCL8000 INSTALLATION PACKAGE,Reagents and Diagnostic kit,,Set
320501001,LIFO fPSA 50T Free Prostate Specific Antigen (eCLIA),Reagents and Diagnostic kit,,Kit
649015,LIFO FRT(eCLIA) 100T Ferritin (eCLIA),Reagents and Diagnostic kit,,Kit
697019,LIFO FSH (FOLLICLE-STIMULATING HORMONE) 50T,Reagents and Diagnostic kit,,Kit
690058,LIFO FT3 (eCLIA) 100T Free Triiodothyronine Kit (eCLIA),Reagents and Diagnostic kit,,Kit
690054,LIFO FT4 (eCLIA) 100T Free Thyroxine Kit (eCLIA),Reagents and Diagnostic kit,,Kit
320200201,LIFO HBA1c CALIBRATOR,Reagents and Diagnostic kit,,Pc
320200301,LIFO HBA1c CONTROL MATERIAL,Reagents and Diagnostic kit,,Pc
 LIFO-001,LIFO HIGH VOLTAGE ADJUSTMENT BUFFER 380ML,Reagents and Diagnostic kit,,Btl
689011,LIFO HS-CRP HIGH SENSITIVITY C-REACTIVE PROTENIN 100T,Reagents and Diagnostic kit,,Kit
 LIFO-002,LIFO LH (eCLIA) 100T,Reagents and Diagnostic kit,,Kit
697015,LIFO LH LUTEINIZING HORMONE(eCLIA) 50T,Reagents and Diagnostic kit,,Kit
679013,LIFO MEASURING CELL MAINTENANCE BUFFER 200ML,Reagents and Diagnostic kit,,Btl
691027,LIFO MULTI CONTROL CARDIAC MARKER (LOW:3X2ML/HIGH:3X2ML),Reagents and Diagnostic kit,,Kit
691019,LIFO NT-proBNP 100T N-terminal pro-B-type Natriuretic Peptide (eCLIA),Reagents and Diagnostic kit,,Kit
697023,LIFO PROG (PROGESTERONE) 50T,Reagents and Diagnostic kit,,Kit
693022,LIFO PTH (PARATHYROID HORMONE) 50T,Reagents and Diagnostic kit,,Kit
 03-I05A000-00007,LIFO REFERENCE ELECTRODE (Ecl8000),Reagents and Diagnostic kit,,Box
 LIFO-003,LIFO SARS-CoV-2 IGG(eCLIA) 100T,Reagents and Diagnostic kit,,Kit
690050,LIFO T3 (eCLIA) 100T Total Triiodothyronine Kit (eCLIA),Reagents and Diagnostic kit,,Kit
690046,LIFO T4 (eCLIA) 100T Total Thyroxine Kit (Eclia,Reagents and Diagnostic kit,,Kit
690030,LIFO TG 100T (THYROGLOBULIN),Reagents and Diagnostic kit,,Kit
320501101,LIFO tPSA 50T Total Prostate Specific Antigen (eCLIA),Reagents and Diagnostic kit,,Kit
320501103,LIFO tPSA ANTIGEN 100T Total Prostate Specific Antigen (eCLIA),Reagents and Diagnostic kit,,Kit
690062,LIFO TSH (eCLIA) 100T THYROID STIMULATING HORMONE,Reagents and Diagnostic kit,,Kit
320201001,LIFOTRONIC HBA1C REAGENT KITS (HPLC),Reagents and Diagnostic kit,,Box
 MCTC-0012,METHANOL AR 1L,Supplies,,Btl
 HS4350,"MICRO CENTRIFUGE TUBE HOLDER, ASSTD. COLORS 100'S",Tools,,Pc
 OTH-0009,MICRO EDTA 0.5ML 100'S,Accessories,,Pack
 KN-0008,"MICROPORE 1""",Accessories,,Box
 HS15984,"MICROSCOPE SLIDE DISPENSER, BLUE",Tools,,Pc
 MINDRAY-0004,"MINDRAY Z3 HEMATOLOGY TRI LEVEL CONTROL (L,N,H)",Reagents and Diagnostic kit,,Set
 MH-0648P,"N. GONORRHEAE ATCC 49226, KWIK-STIK",Reagents and Diagnostic kit,,Set
 OTH-0010,N95 FACE MASK (3M 9010),Supplies,,Box
21346,"NEISSERIA / HAEMOPHILUS IDENTIFICATION SYSTEM, FRANCE (NH)",Reagents and Diagnostic kit,,Pc
 LT-0003,"NEUBAUER COUNTING CHAMBER, BRIGHTLINE",Tools,,Pc
213100510,NH TEST KIT VTK2,Reagents and Diagnostic kit,,Kit
 OTH-0027,NITRILE GLOVES,Supplies,,Box
 MCTC-0013,NORMAL SALT SOLUTION 85% 1L,Supplies,,Btl
 MCTC-0014,NSS 500ML,Supplies,,Btl
 CL0006,OFFICE SUPPLIES,Classification,,Unit
 CX23LEDRFS1,OLYMPUS BIOLOGICAL MICROSCOPE,Equipment,,Unit
 OTH-0026,OPTION 4 CUVETTES 1000'S,Accessories,,Pack
 MH-0353P,"P. AERUGINOSA ATCC 27853, KWIK-STIK",Reagents and Diagnostic kit,,Set
 HS234524,"PARAFILM DISPENSER, ACRYLIC CLEAR",Tools,,Pc
 HS234525B,"PARAFILM DISPENSER, BLUE",Tools,,Pc
 HS234525C,"PARAFILM DISPENSER, GREEN",Tools,,Pc
 HS234525D,"PARAFILM DISPENSER, RED",Tools,,Pc
 HS23455,"PETRI DISH STAND, WHITE",Tools,,Pc
27055,PLASTIC PIPETTE 3ML 500'S,Supplies,,Pack
 OTH-0039,PLASTIC PIPETTE 5ML,Accessories,,Pc
 CL0008,PROFESSIONAL FEES,Classification,,Unit
 HS243071Y,"RACK FOLD 21MM, YELLOW",Tools,,Pc
 HS24305A,RACK SNAP BLUE 13MM,Tools,,Pc
 OTH-0032,RAPIQUICK HBSAG RAPID TEST 25T,Reagents and Diagnostic kit,,Kit
 OTH-0033,RAPIQUICK SYPHILIS RAPID TEST 25T,Reagents and Diagnostic kit,,Kit
 MCTC-0015,RBC DILUTING FLUID 500ML,Supplies,,Btl
 OTH-0038,REAGENT DISK LOCK A & B,Spare parts,,Set
 OTH-0021,RED TOP 10ML 100'S,Accessories,,Pack
 OTH-0020,RED TOP 5ML 100'S,Accessories,,Pack
 CL0005,REPAIR AND MAINTENANCE,Classification,,Unit
 CL0004,REPRESENTATION,Classification,,Unit
 HS2344A,REVERSIBLE PCR RACKS (ASSTD COLORS) 5'S,Tools,,Pc
 OTH-0043,RF LATEX KIT 100T,Reagents and Diagnostic kit,,Kit
 OTH-0036,ROSSMAX DIGITAL BP ARM W/ ADAPTOR,Equipment,,Unit
 MH-0360P,"S. AUREUS ATCC 25923, KWIK-STIK",Reagents and Diagnostic kit,,Set
 MH-0365P,"S. AUREUS ATCC 29213, KWIK-STIK",Reagents and Diagnostic kit,,Set
 MH-0759P,"S. MALTOPHILIA ATCC 17666, KWIK-STIK",Reagents and Diagnostic kit,,Set
 MH-0764P,"S. SCIURI ATCC 29061, KWIK-STIK",Reagents and Diagnostic kit,,Set
 OTH-0041,SD BIOLINE HBSAG 30s,Reagents and Diagnostic kit,,Kit
 HS20650B,SHARKFIN DOUBLE BIN (ABS) BLUE-GRAY,Tools,,Pc
 HS20650A,SHARKFIN TIP RACK STAND (ABS) BLUE-GRAY,Tools,,Pc
 HS21001A,"SHARP CHUTE, RED",Tools,,Pc
 HS21001B,"SHARP CHUTE, YELLOW",Tools,,Pc
 KLD-REFILL,SHOE COVER REFILL 100'S,Supplies,,Pack
 HS15981C,SLIDE HOLDER 15 CAPACITY,Tools,,Pc
 HS15981A,SLIDE HOLDER 40 CAPACITY,Tools,,Pc
 HS15981B,SLIDE HOLDER 78 CAPACITY,Tools,,Pc
 HS15951A,"SLIDE-STAINING TRAY, BLACK",Tools,,Pc
 OTH-0011,SPECIMEN CONTAINER W/ CAP,Accessories,,Pc
 HS8171A,SPREAD L-SHAPE 500'S,Tools,,Pc
 MCD-001,STERILE WATER FOR INJECTION 100ML,Supplies,,Btl
 OTH-0012,STOOL CONTAINER W/ CAP & SPOON,Accessories,,Pc
 HS159890B,STORAGE RACK,Tools,,Pc
 OTH-0013,STRETCH FILM 500MMX200MM,Supplies,,Pc
 MCTC-0016,SULFOSALICYLIC ACID 3% 125ML,Supplies,,Btl
 OTH-0014,SURGICAL MASK 50'S,Supplies,,Box
 SY-016,SYR ABG PRESET,Consumables,,Box
 OTH-0015,THERMAL PAPER 57X30MM,Supplies,,Roll
 OTH-0031,UPS,Tools,,Pc
 OTH-0029,URINE CONTAINER 25s,Accessories,,Pack
 OTH-0016,URINE CONTAINER W/ CAP,Accessories,,Pc
 OTH-0023,URINE SPECIMEN CUP 50'S,Accessories,,Pack
 U5-13,Uritrol Liquid 1.2 (2 Vials/Box),Reagents and Diagnostic kit,,Set
 OTH-0024,"VINYL EXAMINATION GLOVES, MEDIUM, 100'S",Supplies,,Box
 OTH-0044,"VITEK2 PLASTIC TUBES, 12X75MM 250'S",Supplies,,Box
69285,"VITEK2 TUBES, 12X75MM 1X2000",Supplies,,Box
23091,VL AFP-CHECK-1 20T,Reagents and Diagnostic kit,,Box
 3291-3L,VL B-HCG-CHECK-1 20T,Reagents and Diagnostic kit,,Box
74091,VL CA 125-CHECK-1 20T,Reagents and Diagnostic kit,,Box
68091,VL CA 15-3-CHECK-1 20T,Reagents and Diagnostic kit,,Box
69091,VL CA 19-9-CHECK-1 20T,Reagents and Diagnostic kit,,Box
45091,VL CEA-CHECK-1 20T,Reagents and Diagnostic kit,,Box
14091,VL CK-MB-CHECK-1 20T,Reagents and Diagnostic kit,,Box
110091,VL CORTISOL-CHECK-1 20T,Reagents and Diagnostic kit,,Box
 34091-3L,VL CRP-CHECK-1 20T,Reagents and Diagnostic kit,,Box
72091,VL D-DIMER-CHECK-1 20T,Reagents and Diagnostic kit,,Box
 4091-3L,VL FOB-CHECK-2 20T,Reagents and Diagnostic kit,,Box
25091,VL FRT-CHECK-1 20T,Reagents and Diagnostic kit,,Box
11091,VL FSH-CHECK-1 20T,Reagents and Diagnostic kit,,Box
18091,VL IGE-CHECK-1 20T,Reagents and Diagnostic kit,,Box
5091,VL L-CHECK-1,Reagents and Diagnostic kit,<p>VL L-CHECK-120T</p>,Box
 27091-3L,VL M-ALBU-CHECK-1 20T,Reagents and Diagnostic kit,,Box
 180091-3L,VL NT-proBNP-CHECK-1 20T,Reagents and Diagnostic kit,,Box
33091,VL PROCAL-CHECK-1 20T,Reagents and Diagnostic kit,,Box
9091,VL PROLAC-CHECK-1 20T,Reagents and Diagnostic kit,,Box
8091,VL PSA-CHECK-1 20T,Reagents and Diagnostic kit,,Box
62091,VL T3-CHECK-1 20T,Reagents and Diagnostic kit,,Box
73091,VL T4-CHECK-1 20T,Reagents and Diagnostic kit,,Box
28091,VL TROPONIN I-CHECK 20T,Reagents and Diagnostic kit,,Box
 U21091,VL ULTRA-TSH-CHECK-1 20T,Reagents and Diagnostic kit,,Box
 U003B,VL URICHECK 11 100T,Reagents and Diagnostic kit,,Box
 13091-GB,VL Vit D-Check-1 20T,Reagents and Diagnostic kit,,Unit
 TYA5402CY,VY NT-proBNP TEST KIT 20 T,Reagents and Diagnostic kit,,Kit
 VY-001,VY PCT (PROCALCITONIN) 20 T,Reagents and Diagnostic kit,,Kit
 OTH-0025,WASH DILUTION,Supplies,,Btl
 CL0010,WATER,Classification,,Unit
 MCTC-0017,WBC DILUTING FLUID 1L,Supplies,,Btl
 MCTC-0018,WBC DILUTING FLUID 500ML,Supplies,,Btl
 ME-WT,WHITE TIPS 1000'S,Accessories,,Pack
 LT-0004,WHITE TIPS 500'S,Accessories,,Pack
9353063,WL CM250 SAMPLE CUPS 1000s (COPAS DE MUESTRA M2300 PLUS X 1000),Accessories,,Pack
9353001,WL REACTION CUVETTES 6MM (X1200)  CURE2400,Accessories,,Box
 OTH-0035,WRIGHT STAIN,Supplies,,Box
 U41,YD URiSCAN 11 strip 100'S,Reagents and Diagnostic kit,,Box
21343,YEAST IDENTIFICATION SYSTEM (YST),Reagents and Diagnostic kit,,Pc
 ME-YT,YELLOW TIPS 1000'S,Consumables,,Pack
 OTH-0022,YELLOW TOP 10ML,Accessories,,Pack
 OTH-0040,YELLOW TOP 3ML 100's,Accessories,,Pack
 OTH-0017,YELLOW TOP 4ML 100'S,Accessories,,Pack
 OTH-0018,YELLOW TOP 5ML,Accessories,,Pack
 PZ5-PW,Z5 POWER SWITCH,Accessories,,Pc
 01.09.65.02.01.09,ZY (AE) Resin Aerobic Bottle 100 bottles/box,Reagents and Diagnostic kit,,Box
 01.09.65.02.01.07,ZY (AE) Resin Aerobic Bottle 20 bottles/box,Reagents and Diagnostic kit,,Box
 01.09.65.01.01.11,ZY (AN) Resin Anaerobic Bottle 100 bottles/box,Reagents and Diagnostic kit,,Box
 01.09.65.01.01.09,ZY (AN) Resin Anaerobic Bottle 20 bottles/box,Reagents and Diagnostic kit,,Box
 01.09.04.06.EC.01,ZY (LDH) Lactic dehydrogenase (R1:30mL*3 R2:7.5mL*3;112.5 ml),Reagents and Diagnostic kit,,Kit
 01.09.65.02.02.07,ZY (PE) Pediatric Resin Bottle 20 bottles/box,Reagents and Diagnostic kit,,Box
 01.09.65.02.02.09,ZY (PE)Pediatric Resin Bottle 100 bottles/box,Reagents and Diagnostic kit,,Box
 01.09.1B.00.ER.02,ZY 25-OH Vatamin D 25 T/kit,Reagents and Diagnostic kit,,Kit
 01.09.4F.01.01.02,ZY 25-OH Vitamin D Assay (CLIA) 1x50 T/Kit,Reagents and Diagnostic kit,,Box
 01.09.0B.00.EC.01,ZY a-AMY (a-Amylase) (R1:30mL*3 R2:7.5mL*3;112.5 ml),Reagents and Diagnostic kit,,Kit
 01.09.0B.00.EC.02,ZY a-AMY (a-Amylase) (R1:48mL*2 R2:12mL*2),Reagents and Diagnostic kit,,Kit
 01.09.49.03.01.18,ZY AFP Assay (CLIA) 2x100 T/Kit,Reagents and Diagnostic kit,,Box
 01.09.49.03.01.17,ZY AFP Assay (CLIA) 2x50 T/Kit,Reagents and Diagnostic kit,,Box
 01.09.00.04.EC.01,ZY ALB (Albumin) (R:30mL*6;180 ml),Reagents and Diagnostic kit,,Kit
 01.09.00.04.EC.03,ZY ALB (Albumin) (R:60mL*2),Reagents and Diagnostic kit,,Kit
 01.09.00.13.EC.01,ZY ALP (Alkaline phosphatase) (R1:30mL*3 R2:7.5mL*3;112.5 ml),Reagents and Diagnostic kit,,Kit
 01.09.00.13.EC.03,ZY ALP (Alkaline phosphatase) (R1:48mL*2 R2:12mL*2),Reagents and Diagnostic kit,,Kit
 01.09.00.05.EC.01,ZY ALT (Alanine  aminotransferase) (R1:30mL*3 R2:7.5mL*3;112.5 ml),Reagents and Diagnostic kit,,Kit
 01.09.00.05.EC.03,ZY ALT (Alanine  aminotransferase) (R1:48mL*2 R2:12mL*2),Reagents and Diagnostic kit,,Kit
 01.09.42.07.01.12,ZY AMH Assay (CLIA) 2x50 T/Kit,Reagents and Diagnostic kit,,Box
 01.09.44.06.EX.17,ZY Anti-TG Assay (CLIA) 2x50 T/Kit,Reagents and Diagnostic kit,,Box
 01.09.44.05.EX.16,ZY Anti-TPO Assay (CLIA),Reagents and Diagnostic kit,,Box
 01.09.09.01.EC.01,"ZY ASO (Anti-streptolysin ""O"") (R1:30mL*3 R2:7.5mL*3;112.5 ml)",Reagents and Diagnostic kit,,Kit
 01.09.00.16.EC.01,ZY AST (Aspartate aminotransferase) (R1:30mL*3 R2:7.5mL*3;112.5 ml),Reagents and Diagnostic kit,,Kit
 01.09.00.16.EC.02,ZY AST (Aspartate aminotransferase) (R1:48mL*2 R2:12mL*2),Reagents and Diagnostic kit,,Kit
 01.09.42.06.EX.19,ZY B-HCG Assay (CLIA) 2x100 T/Kit,Reagents and Diagnostic kit,,Box
 01.09.42.06.EX.18,ZY B-HCG Assay (CLIA) 2x50 T/Kit,Reagents and Diagnostic kit,,Box
 01.09.41.05.01.07,ZY BNP Assay (CLIA) 2x50 T/Kit,Reagents and Diagnostic kit,,Box
 01.09.4A.02.01.10,ZY C-P Assay (CLIA) 2x50 T/Kit,Reagents and Diagnostic kit,,Box
 01.09.03.02.EC.01,ZY C3 (Complement 3) (R1:30mL*1 R10mL*1;40 ml),Reagents and Diagnostic kit,,Kit
 01.09.03.02.EC.02,ZY C3 (Complement 3) (R1:45mL*2 R2:15mL*2,Reagents and Diagnostic kit,,Kit
 01.09.03.03.EC.01,ZY C4 (Complement 4) (R1:30mL*1 R2:10mL*1;40 ml),Reagents and Diagnostic kit,,Kit
 01.09.0C.01.EC.01,ZY Ca (Calcium) (R:30mL*6;180 ml,Reagents and Diagnostic kit,,Kit
 01.09.0C.01.EC.02,ZY Ca (Calcium) (R:60mL*2),Reagents and Diagnostic kit,,Kit
 01.09.49.00.01.11,ZY CA 125 Assay (CLIA) 2x100 T/Kit,Reagents and Diagnostic kit,,Box
 01.09.49.00.01.10,ZY CA 125 Assay (CLIA) 2x50 T/Kit,Reagents and Diagnostic kit,,Box
 01.09.49.04.01.11,ZY CA 15-3 Assay (CLIA) 2x100 T/Kit,Reagents and Diagnostic kit,,Box
 01.09.49.04.01.10,ZY CA 15-3 Assay (CLIA) 2x50 T/Kit,Reagents and Diagnostic kit,,Box
 01.09.49.02.01.11,ZY CA 19-9 Assay (CLIA) 2x100 T/Kit,Reagents and Diagnostic kit,,Box
 01.09.49.02.01.10,ZY CA 19-9 Assay (CLIA) 2x50 T/Kit,Reagents and Diagnostic kit,,Box
 01.09.49.13.01.11,ZY CA 242 Assay (CLIA) 2x50 T/Kit,Reagents and Diagnostic kit,,Box
 01.09.49.12.01.11,ZY CA 50 Assay (CLIA) 2x50 T/Kit,Reagents and Diagnostic kit,,Box
 01.09.49.05.01.10,ZY CA 72-4 Assay (CLIA) 2x50 T/Kit,Reagents and Diagnostic kit,,Box
 01.09.31.00.S.25,ZY CAL (3 mL x 1),Reagents and Diagnostic kit,,Set
 01.09.49.07.01.11,ZY CEA Assay (CLIA) 2x100 T/Kit,Reagents and Diagnostic kit,,Box
 01.09.49.07.01.10,ZY CEA Assay (CLIA) 2x50 T/Kit,Reagents and Diagnostic kit,,Box
 01.09.02.10.EC.01,ZY CHOL (Total cholesterol) (Dual) (R1:30mL*3 R2:7.5mL*3;112.5 ml),Reagents and Diagnostic kit,,Kit
 01.09.02.10.EC.02,ZY CHOL (Total cholesterol) (Dual)(R1:48mL*2 R2:12mL*2),Reagents and Diagnostic kit,,Kit
 01.09.41.01.EX.14,ZY CK-MB Assay (CLIA) 2x50 T/Kit,Reagents and Diagnostic kit,,Box
 01.09.1F.01.13.23,ZY Cleanser (D12) 200 mL/bottle,Reagents and Diagnostic kit,,Btl
 01.09.0D.00.CA.06,"ZY Clinical chemistry multi-analyte calibrator 5 mlx6, lyophilized",Reagents and Diagnostic kit,,Vial
 01.09.1F.01.04.03,"ZY Color Control (red, green, blue) 8 mL/bottlex3/box",Reagents and Diagnostic kit,,Box
 01.09.50.01.20.02,ZY Concentrated Detergent (5 L/Bottle),Reagents and Diagnostic kit,,Btl
 01.09.1F.01.17.03,ZY Conductivity Calibrator (3 Levels) 8 mL/bottlex3 levels/box,Reagents and Diagnostic kit,,Box
 01.09.1F.01.07.02,ZY Conductivity Control (2 Levels) 8 mL/bottlex2 levels/box,Reagents and Diagnostic kit,,Box
 01.09.01.05.EC.01,ZY CREA (Creatinine) (R1:30mL*2 R2:10mL*2;80 ml),Reagents and Diagnostic kit,,Kit
 01.09.01.05.EC.03,ZY CREA (Creatinine) (R1:45mL*2 R2:15mL*2),Reagents and Diagnostic kit,,Kit
 01.09.07.03.EC.01,ZY CRP (C-reactive protein) (R1:30mL*3 R2:10mL*3;120 ml),Reagents and Diagnostic kit,,Kit
 01.09.12.05.ER.02,ZY CRP 25 T/kit,Reagents and Diagnostic kit,,Kit
 01.09.12.05.ZK.04,ZY CRP QC Card (H),Reagents and Diagnostic kit,,Pc
 01.09.12.05.ZK.03,ZY CRP QC Card (L),Reagents and Diagnostic kit,,Pc
 01.09.12.05.ZK.07,ZY CRP/SAA Control Level 1 x 1 bottle (0.5 mL)Level 2 x 1 bottle (0.5 mL),Reagents and Diagnostic kit,,Box
 01.09.11.12.ER.01,ZY cTn I (TROPONIN I) 25 T/kit,Reagents and Diagnostic kit,,Kit
 01.09.11.08.ER.01,ZY cTn T (TROPONIN T) 25 T/kit,Reagents and Diagnostic kit,,Kit
 01.09.41.07.EX.12,ZY cTnI Assay (CLIA) 2x50 T/Kit,Reagents and Diagnostic kit,,Box
 01.09.11.12.ZK.04,ZY cTnI QC Card (H),Reagents and Diagnostic kit,,Pc
 01.09.11.12.ZK.03,ZY cTnI QC Card (L),Reagents and Diagnostic kit,,Pc
 01.09.11.ZK.01.04,ZY cTnI/CK-MB/Myo Control Level 1 x 1 bottle (1.0 mL)Level 2 x 1 bottle (1.0 mL),Reagents and Diagnostic kit,,Box
 01.09.11.08.ZK.04,ZY cTnT QC Card (H),Reagents and Diagnostic kit,,Pc
 01.09.11.08.ZK.03,ZY cTnT QC Card (L),Reagents and Diagnostic kit,,Pc
 01.09.11.11.ER.02,ZY cTnT/ Myo/ CK-MB (3 in 1) 25 T/kit,Reagents and Diagnostic kit,,Kit
 01.09.11.11.ZK.04,ZY cTnT/ Myo/ CK-MB QC Card  (3 in 1) (H),Reagents and Diagnostic kit,,Pc
 01.09.11.11.ZK.03,ZY cTnT/ Myo/ CK-MB QC Card  (3 in 1) (L),Reagents and Diagnostic kit,,Pc
 01.09.11.11.ZK.07,ZY cTnT/CK-MB/Myo Control Level 1 x 1 bottle (1.0 mL)Level 2 x 1 bottle (1.0 mL),Reagents and Diagnostic kit,,Box
 01.99.23.01.9967,ZY Cuvette,Accessories,,Pc
 01.09.49.16.01.12,ZY CYFRA 21-1 Assay (CLIA) 2x50 T/Kit,Reagents and Diagnostic kit,,Box
 01.09.01.03.EC.01,ZY CYSC (Cystatin C) (R1:30mL*3 R2:6mL*3,Reagents and Diagnostic kit,,Kit
 01.09.11.09.ER.02,ZY D-Dimer 25 T/kit,Reagents and Diagnostic kit,,Kit
 01.09.41.04.01.14,ZY D-Dimer Assay (CLIA) 2x50 T/Kit,Reagents and Diagnostic kit,,Box
 01.09.11.09.ZK.08,ZY D-Dimer Control Level 1 x 1 bottle (1.0 mL)Level 2 x 1 bottle (1.0 mL),Reagents and Diagnostic kit,,Box
 01.09.11.09.ZK.04,ZY D-dimer QC Card (H),Reagents and Diagnostic kit,,Pc
 01.09.11.09.ZK.03,ZY D-dimer QC Card (L),Reagents and Diagnostic kit,,Pc
 01.09.00.20.EC.01,ZY DBIL (Direct bilirubin) (R1:30mL*3 R2:7.5mL*3;112.5 ml),Reagents and Diagnostic kit,,Kit
 01.09.00.20.EC.02,ZY DBIL (Direct bilirubin) (R1:48mL*2 R2:12mL*2),Reagents and Diagnostic kit,,Kit
 01.09.42.02.EX.16,ZY E2 Assay (CLIA) 2x50 T/Kit,Reagents and Diagnostic kit,,Box
 02-36-10-0015-00,ZY EXB120 Blood Culture,Equipment,,Unit
 02-10-02-0002-00,ZY EXC200 Chemistry,Equipment,,Unit
 02-10-00-0013-00,ZY EXC400 Chemistry,Equipment,,Unit
 02-12-02-0004-00,ZY EXI1800 CLIA,Equipment,,Unit
 02-12-02-0015-00,ZY EXI1820 CLIA,Equipment,,Unit
 02-11-03-0003-00,ZY EXR110 POCT,Equipment,,Unit
 02-13-04-0010-00,ZY EXZ6000  Hematology,Equipment,,Unit
 01.09.49.01.01.13,ZY Ferritin Assay (CLIA) 2x100 T/Kit,Reagents and Diagnostic kit,,Box
 01.09.49.01.01.12,ZY Ferritin Assay (CLIA) 2x50 T/Kit,Reagents and Diagnostic kit,,Box
 01.09.1F.01.09.11,ZY Focusing Fluid (new) 125 mL/bottle,Reagents and Diagnostic kit,,Btl
 01.09.49.11.01.18,ZY fPSA Assay (CLIA) 2x100 T/Kit,Reagents and Diagnostic kit,,Box
 01.09.49.11.01.17,ZY fPSA Assay (CLIA) 2x50 T/Kit,Reagents and Diagnostic kit,,Box
 01.09.42.05.EX.17,ZY FSH Assay (CLIA) 2x50 T/Kit,Reagents and Diagnostic kit,,Box
 01.09.1C.04.CG.02,ZY FT3 25 T/kit,Reagents and Diagnostic kit,,Kit
 01.09.44.01.EX.20,ZY FT3 Assay (CLIA) 2x100 T/Kit,Reagents and Diagnostic kit,,Box
 01.09.44.01.EX.21,ZY FT3 Assay (CLIA) 2x25 T/Kit,Reagents and Diagnostic kit,,Box
 01.09.44.01.EX.19,ZY FT3 Assay (CLIA) 2x50 T/Kit,Reagents and Diagnostic kit,,Box
 01.09.1C.04.ZK.04,ZY FT3 QC Card (H),Reagents and Diagnostic kit,,Pc
 01.09.1C.04.ZK.03,ZY FT3 QC Card (L),Reagents and Diagnostic kit,,Pc
 01.09.1C.03.CG.02,ZY FT4 25 T/kit,Reagents and Diagnostic kit,,Kit
 01.09.44.03.EX.19,ZY FT4 Assay (CLIA) 2x100 T/Kit,Reagents and Diagnostic kit,,Box
 01.09.44.03.EX.20,ZY FT4 Assay (CLIA) 2x25 T/Kit,Reagents and Diagnostic kit,,Box
 01.09.44.03.EX.18,ZY FT4 Assay (CLIA) 2x50 T/Kit,Reagents and Diagnostic kit,,Box
 01.09.1C.03.ZK.04,ZY FT4 QC Card (H),Reagents and Diagnostic kit,,Pc
 01.09.1C.03.ZK.03,ZY FT4 QC Card (L),Reagents and Diagnostic kit,,Pc
 01.09.46.02.01.10,ZY Gastrin-17 Assay (CLIA) 2x50 T/Kit,Reagents and Diagnostic kit,,Box
 01.09.00.03.EC.01,ZY GGT (Gamma-glutamyl transferase) (R1:30mL*3 R2:7.5mL*3;112.5 ml),Reagents and Diagnostic kit,,Kit
 01.09.00.03.EC.02,ZY GGT (Gamma-glutamyl transferase) (R1:48mL*2 R2:12mL*2),Reagents and Diagnostic kit,,Kit
 01.09.06.00.EC.01,ZY GLU (Glucose) (R1:30mL*3 R2:7.5mL*3;112.5 ml),Reagents and Diagnostic kit,,Kit
 01.09.06.00.EC.02,ZY GLU (Glucose) (R1:48mL*2 R2:12mL*2),Reagents and Diagnostic kit,,Kit
 01.09.31.01.Q.26,"ZY H3 Check (3 mL x 1, High Level)",Reagents and Diagnostic kit,,Pc
 01.09.31.01.Q.24,"ZY H3 Check (3 mL x 1, Low Level)",Reagents and Diagnostic kit,,Pc
 01.09.31.01.Q.25,"ZY H3 Check (3 mL x 1, Normal Level)",Reagents and Diagnostic kit,,Pc
 01.09.31.06.Q.25,"ZY H5 Check (3 mL x 1, High Level)",Reagents and Diagnostic kit,,Pc
 01.09.31.06.Q.23,"ZY H5 Check (3 mL x 1, Low Level)",Reagents and Diagnostic kit,,Pc
 01.09.31.06.Q.24,"ZY H5 Check (3 mL x 1, Normal Level)",Reagents and Diagnostic kit,,Pc
 01.09.31.03.02.02,ZY H56 LD-I Lyse  (1 L x 1),Reagents and Diagnostic kit,,Box
 01.09.31.03.03.02,ZY H56 LD-II Lyse (500ml x 1),Reagents and Diagnostic kit,,Box
 01.09.13.01.ER.02,ZY HbA1c GLYCOSYLATED HEMOGLOBIN A1c ASSAY (Immunofluorescence) 25 T/kit,Reagents and Diagnostic kit,,Kit
 01.09.13.01.ZK.04,ZY HbA1c QC Card (H),Reagents and Diagnostic kit,,Pc
 01.09.13.01.ZK.03,ZY HbA1c QC Card (L),Reagents and Diagnostic kit,,Pc
 01.09.02.03.EC.01,ZY HDL-C (High density lipoprotein cholesterol) (R1:30mL*3 R2:10mL*3;120 ml),Reagents and Diagnostic kit,,Kit
 01.09.02.03.EC.02,ZY HDL-C (High density lipoprotein cholesterol) (R1:45mL*2 R2:15mL*2),Reagents and Diagnostic kit,,Kit
 01.09.49.15.01.11,ZY HE4 Assay (CLIA) 2x50 T/Kit,Reagents and Diagnostic kit,,Box
 01.09.05.00.EC.01,ZY Hs-CRP (High sensitive C-Reactive Protein) (R1:30mL*3 R2:10mL*3),Reagents and Diagnostic kit,,Kit
 01.09.11.16.01.05,ZY hs-cTnI 25T,Reagents and Diagnostic kit,,Kit
 01.09.11.13.01.03,ZY hs-cTnI/CK-MB/Myo 25T,Reagents and Diagnostic kit,,Kit
 01.09.12.07.ER.02,ZY IL-6 25 T/kit,Reagents and Diagnostic kit,,Kit
 01.09.43.01.01.14,ZY IL-6 Assay (CLIA) 2x50 T/Kit,Reagents and Diagnostic kit,,Box
 01.09.12.07.ZK.08,ZY IL-6 Control Level 1 x 1 bottle (1.0 mL)Level 2 x 1 bottle (1.0 mL),Reagents and Diagnostic kit,,Box
 01.09.12.07.ZK.04,ZY IL-6 QC Card (H),Reagents and Diagnostic kit,,Pc
 01.09.12.07.ZK.03,ZY IL-6 QC Card (L),Reagents and Diagnostic kit,,Pc
 01.09.4A.01.01.10,ZY Insulin Assay (CLIA) 2x50 T/Kit,Reagents and Diagnostic kit,,Box
 01.09.04.06.EC.02,ZY LDH (Lactic dehydrogenase) (R1:48mL*2 R2:12mL*2),Reagents and Diagnostic kit,,Kit
 01.09.02.00.EC.01,ZY LDL-C (Low Density Lipoprotein Cholesterol) (R1:30mL*3 R2:10mL*3),Reagents and Diagnostic kit,,Kit
 01.09.42.04.EX.16,ZY LH Assay (CLIA) 2x50 T/Kit,Reagents and Diagnostic kit,,Box
 01.09.02.09.EC.01,ZY Lp(a) (Lipoprotein (a)) (R1:30mL*3 R2:10mL*3;120 ml),Reagents and Diagnostic kit,,Kit
 01.09.0B.01.EC.01,ZY LPS (Lipase) (R1:30mL*3 R2:10mL*3;120 ml),Reagents and Diagnostic kit,,Kit
 01.09.0B.01.EC.02,ZY LPS (Lipase) (R1:45mL*2 R2:15mL*2),Reagents and Diagnostic kit,,Kit
 01.09.0C.02.EC.01,ZY Mg (Magnesium) (R:30mL*6;180 ml),Reagents and Diagnostic kit,,Kit
 01.09.0C.02.EC.02,ZY Mg (Magnesium) (R:60mL*2),Reagents and Diagnostic kit,,Kit
 01.09.41.02.EX.16,ZY MYO Assay (CLIA) 2x50 T/Kit,Reagents and Diagnostic kit,,Box
 01.09.49.06.01.10,ZY NSE Assay (CLIA) 2x50 T/Kit,Reagents and Diagnostic kit,,Box
 01.09.11.10.ER.02,ZY NT-proBNP 25 T/kit,Reagents and Diagnostic kit,,Kit
 01.09.41.03.EX.17,ZY NT-proBNP Assay (CLIA) 2x50 T/Kit,Reagents and Diagnostic kit,,Box
 01.09.11.10.ZK.08,ZY NT-proBNP Control Level 1 x 1 bottle (1.0 mL)Level 2 x 1 bottle (1.0 mL),Reagents and Diagnostic kit,,Box
 01.09.11.10.ZK.04,ZY NT-proBNP QC Card (H),Reagents and Diagnostic kit,,Pc
 01.09.11.10.ZK.03,ZY NT-proBNP QC Card (L),Reagents and Diagnostic kit,,Pc
 01.09.0C.04.EC.01,ZY P (Inorganic phosphorus) (R:30mL*6;180 ml),Reagents and Diagnostic kit,,Kit
 01.09.0C.04.EC.02,ZY P (Inorganic phosphorus) (R:60mL*2),Reagents and Diagnostic kit,,Kit
 01.09.12.04.ER.02,ZY PCT 25 T/kit,Reagents and Diagnostic kit,,Kit
 01.09.43.00.EX.19,ZY PCT Assay (CLIA) 2x50 T/Kit,Reagents and Diagnostic kit,,Box
 01.09.12.04.ZK.07,ZY PCT Control Level 1 x 1 bottle (1.0 mL)Level 2 x 1 bottle (1.0 mL),Reagents and Diagnostic kit,,Box
 01.09.12.04.ZK.04,ZY PCT QC Card (H),Reagents and Diagnostic kit,,Pc
 01.09.12.04.ZK.03,ZY PCT QC Card (L),Reagents and Diagnostic kit,,Pc
 01.09.46.01.01.10,ZY PG ? Assay (CLIA) 2x50 T/Kit,Reagents and Diagnostic kit,,Box
 01.09.46.00.01.10,ZY PG I Assay (CLIA) 2x50 T/Kit,Reagents and Diagnostic kit,,Box
 02-65-00-0026-00,ZY Plastic Cuvette,Accessories,,Pc
 01.09.42.03.EX.16,ZY PRL Assay (CLIA) 2x50 T/Kit,Reagents and Diagnostic kit,,Box
 01.09.51.01.Z.02,ZY Probe Cleanser (50 mL x 2),Reagents and Diagnostic kit,,Box
 01.09.50.01.19.02,ZY Probe Detergent ( 30ml/bottle x 8),Reagents and Diagnostic kit,,Box
 01.09.50.01.17.06,ZY Probe Detergent (EXC420) ( 30ml/bottle ? 8),Reagents and Diagnostic kit,,Box
 01.09.42.00.EX.17,ZY Progesterone Assay (CLIA) 2x50 T/Kit,Reagents and Diagnostic kit,,Box
 01.09.49.08.01.10,ZY proGRP Assay (CLIA) 2x50 T/Kit,Reagents and Diagnostic kit,,Box
206301,ZY PSA 25T,Reagents and Diagnostic kit,,Kit
107106,ZY QC LEVEL2 NORMAL (5ml x 5),Reagents and Diagnostic kit,,Set
107107,ZY QC LEVEL3 PATHOLOGICAL  (5ml x 5),Reagents and Diagnostic kit,,Set
 01.20.02.02.0004,"ZY RANDOX 2 HUM ASY CONTROL 2 (HN1530) 5mlx1, lyophilized",Reagents and Diagnostic kit,,Vial
 01.20.02.02.0009,"ZY RANDOX 3 HUM ASY CONTROL 3 (HE1532) 5mlx1, lyophilized",Reagents and Diagnostic kit,,Vial
 02-25-00-0208-00,ZY Reagent Bottle (R1) (35 mL*100 pcs/box) EXC200 SY20,Accessories,,Box
 02-25-00-0188-00,ZY Reagent Bottle (R1) (35 mL*24 pcs/box) EXC200 SY20,Accessories,,Box
 02-25-00-0209-00,ZY Reagent Bottle (R2) (20 mL*100 pcs/box) EXC200 SY20,Accessories,,Box
 02-25-00-0189-00,ZY Reagent Bottle(R2) (20 mL*24 pcs/box) EXC200 SY20,Accessories,,Box
 01.09.09.02.EC.01,ZY RF (Rheumatoid factor) (R1:30mL*3 R2:7.5mL*3;112.5 ml),Reagents and Diagnostic kit,,Kit
 01.09.12.06.ER.01,ZY SAA 25 T/kit,Reagents and Diagnostic kit,,Kit
 01.09.12.06.ZK.04,ZY SAA QC Card (H),Reagents and Diagnostic kit,,Pc
 01.09.12.06.ZK.03,ZY SAA QC Card (L),Reagents and Diagnostic kit,,Pc
 01.09.49.14.01.12,ZY SCCA Assay (CLIA) 2x50 T/Kit,Reagents and Diagnostic kit,,Box
 01.09.1F.01.08.06,ZY Sediment Control (Negative control) 125 mL/bottle,Reagents and Diagnostic kit,,Btl
 01.09.1F.01.08.05,ZY Sediment Control (Positive control) 125 mL/bottle,Reagents and Diagnostic kit,,Btl
 01.09.1F.01.15.02,ZY SG Calibrator (3 Levels) 8 mL/bottlex3 levels/box,Reagents and Diagnostic kit,,Box
 01.09.1F.01.05.03,ZY SG Control (3 Levels) 8 mL/bottlex3 levels/box,Reagents and Diagnostic kit,,Box
 01.09.1F.01.11.12,ZY Sheath Fluid 15 L/bucket,Reagents and Diagnostic kit,,Box
 01.09.1C.00.ER.01,ZY T3 25 T/kit,Reagents and Diagnostic kit,,Kit
 01.09.44.02.EX.21,ZY T3 Assay (CLIA) 2x100 T/Kit,Reagents and Diagnostic kit,,Box
 01.09.44.02.EX.22,ZY T3 Assay (CLIA) 2x25 T/Kit,Reagents and Diagnostic kit,,Box
 01.09.44.02.EX.20,ZY T3 Assay (CLIA) 2x50 T/Kit,Reagents and Diagnostic kit,,Box
 01.09.1C.00.ZK.04,ZY T3 QC Card (H),Reagents and Diagnostic kit,,Pc
 01.09.1C.00.ZK.03,ZY T3 QC Card (L),Reagents and Diagnostic kit,,Pc
" 01.09.1C.01.ER,01",ZY T4 25 T/kit,Reagents and Diagnostic kit,,Kit
 01.09.44.04.EX.20,ZY T4 Assay (CLIA) 2x100 T/Kit,Reagents and Diagnostic kit,,Box
 01.09.44.04.EX.21,ZY T4 Assay (CLIA) 2x25 T/Kit,Reagents and Diagnostic kit,,Box
 01.09.44.04.EX.19,ZY T4 Assay (CLIA) 2x50 T/Kit,Reagents and Diagnostic kit,,Box
 01.09.1C.01.ZK.04,ZY T4 QC Card (H),Reagents and Diagnostic kit,,Pc
 01.09.1C.01.ZK.03,ZY T4 QC Card (L),Reagents and Diagnostic kit,,Pc
 01.09.00.21.EC.01,ZY TBIL (Total bilirubin) (R1:30mL*3 R2:7.5mL*3;112.5 ml),Reagents and Diagnostic kit,,Kit
 01.09.00.21.EC.03,ZY TBIL (Total bilirubin) (R1:48mL*2 R2:12mL*2),Reagents and Diagnostic kit,,Kit
 01.09.42.01.EX.16,ZY Testosterone Assay (CLIA) 2x50 T/Kit,Reagents and Diagnostic kit,,Box
 01.09.02.02.EC.01,ZY TG (Triglyceride) (Dual) (R1:30mL*3 R2:7.5mL*3;112.5 ml),Reagents and Diagnostic kit,,Kit
 01.09.02.02.EC.02,ZY TG (Triglyceride) (Dual)(R1:48mL*2 R2:12mL*2),Reagents and Diagnostic kit,,Kit
 01.09.44.07.01.12,ZY TG Assay (CLIA) 2x50 T/Kit,Reagents and Diagnostic kit,,Box
 01.09.00.23.EC.01,ZY TP (Total protein) (R:30mL*6;180 ml),Reagents and Diagnostic kit,,Kit
 01.09.00.23.EC.02,ZY TP (Total protein) (R:60mL*2),Reagents and Diagnostic kit,,Kit
 01.09.49.10.01.15,ZY tPSA Assay (CLIA) 2x100 T/Kit,Reagents and Diagnostic kit,,Box
 01.09.49.10.01.14,ZY tPSA Assay (CLIA) 2x50 T/Kit,Reagents and Diagnostic kit,,Box
 TYA6402CV,ZY TROPONIN I (hs-cTnI) TEST KIT 20T,Reagents and Diagnostic kit,,Kit
 01.09.1C.02.ER.02,ZY TSH 25 T/kit,Reagents and Diagnostic kit,,Kit
 01.09.44.00.EX.23,ZY TSH Assay (CLIA) 2x100 T/Kit,Reagents and Diagnostic kit,,Box
 01.09.44.00.EX.24,ZY TSH Assay (CLIA) 2x25 T/Kit,Reagents and Diagnostic kit,,Box
 01.09.44.00.EX.22,ZY TSH Assay (CLIA) 2x50 T/Kit,Reagents and Diagnostic kit,,Box
 01.09.1C.02.ZK.04,ZY TSH QC Card (H),Reagents and Diagnostic kit,,Pc
 01.09.1C.02.ZK.03,ZY TSH QC Card (L),Reagents and Diagnostic kit,,Pc
 01.09.1F.01.16.02,ZY Turbidity Calibrator (2 Levels) 8 mL/bottlex2 levels/box,Reagents and Diagnostic kit,,Box
 01.09.1F.01.06.03,ZY Turbidity Control (3 Levels) 8 mL/bottlex3 levels/box,Reagents and Diagnostic kit,,Box
 02-15-02-0003-00,ZY U1600 Urine Analyzer,Equipment,,Unit
 02-15-03-0009-00,ZY U2610 Urine Analyzer,Equipment,,Unit
 01.09.01.07.EC.01,ZY UA (Uric acid) (R1:30mL*3 R2:7.5mL*3;112.5 ml),Reagents and Diagnostic kit,,Kit
 01.09.01.07.EC.02,ZY UA (Uric acid) (R1:48mL*2 R2:12mL*2),Reagents and Diagnostic kit,,Kit
 01.09.1F.01.03.04,"ZY UDC-Control (Negative, Positive) 8 mL/bottlex2/box",Reagents and Diagnostic kit,,Box
 01.09.01.06.EC.01,ZY UREA (R1:30mL*3 R2:7.5mL*3;112.5 ml),Reagents and Diagnostic kit,,Kit
 01.09.01.06.EC.02,ZY UREA (R1:48mL*2 R2:12mL*2),Reagents and Diagnostic kit,,Kit
 01.09.1F.01.01.04,ZY Urinalysis Strip (Dry Chemistry Method) (11 FU) 100 strips/bottle,Reagents and Diagnostic kit,,Box
 01.09.1F.01.01.05,ZY Urinalysis Strip (Dry Chemistry Method) (12 FU) 100 strips/bottle,Reagents and Diagnostic kit,,Box
 01.09.1F.01.01.06,ZY Urinalysis Strip (Dry Chemistry Method) (14 FU) 100 strips/bottle,Reagents and Diagnostic kit,,Box
1206013,ZY Urine Strips 100T (11U),Reagents and Diagnostic kit,,Box
 01.09.1F.01.10.04,ZY US-Calibrator 60 mL/bottle,Reagents and Diagnostic kit,,Btl
 01.09.1F.01.13.11,ZY Wash solution (D21) 100 mL/bottle,Reagents and Diagnostic kit,,Btl
 02-24-00-0132-00,ZY Waste Container & Pure Water Container,Spare parts,,Set
 01.09.31.02.Z3.05,ZY Z3 Diluent (20 L),Reagents and Diagnostic kit,,Box
 02-13-02-0010-00,ZY Z3 Hematology,Equipment,,Unit
 01.09.31.03.Z3.02,ZY Z3 Lyse (500 mL),Reagents and Diagnostic kit,,Box
 01.09.31.04.Z5.03,ZY Z5 DN Diluent (20 Lx1),Reagents and Diagnostic kit,,Box
 01.09.31.05.Z5.05,ZY Z5 LB Lyse (100 mL x 1 Bottle),Reagents and Diagnostic kit,,Box
 01.09.31.05.Z5.75,ZY Z5 LB Lyse (200 mL x 1 Bottle),Reagents and Diagnostic kit,,Box
 01.09.31.05.Z5.36,ZY Z5 LB Lyse (500 mL x 1),Reagents and Diagnostic kit,,Box
 01.09.31.05.Z5.06,ZY Z5 LD Lyse (500 mL x 1 Bottle),Reagents and Diagnostic kit,,Box
 02-13-00-0019-00,ZY Z50 Hematology,Equipment,,Unit
